customer_id,customer_name,customer_surname,customer_email
1,Teresa,Manning,deanmelinda@example.com
2,Jerry,Wilson,cory04@example.com
3,Lindsay,Bowman,alexandriamcbride@example.com
4,Lisa,Bowen,alexanderjeremy@example.com
5,Lisa,Owens,kimberlyscott@example.net
6,Matthew,Johns,ewalter@example.net
7,Randy,Sanchez,calebpeters@example.com
8,Laurie,Jacobson,timothy18@example.com
9,Charles,Taylor,danielrobbins@example.org
10,Abigail,Newman,vmiranda@example.com
11,Dalton,Chapman,scott78@example.net
12,Andrew,Anderson,cperez@example.com
13,Amanda,Parrish,joshua83@example.net
14,Shannon,Little,mauriceglenn@example.net
15,Scott,Benson,pcoffey@example.net
16,Lisa,Durham,collinsryan@example.org
17,Caitlyn,Bowman,cynthia48@example.org
18,Alexandria,Maxwell,mvelazquez@example.net
19,Brianna,Burns,ydennis@example.net
20,Sharon,Gardner,kevinmatthews@example.org
21,Jose,Ray,harrelltyler@example.org
22,Wanda,Lowe,josephgomez@example.org
23,Todd,Wallace,tamarahernandez@example.org
24,Brandy,Wright,karen11@example.com
25,Kenneth,Wall,dianalarson@example.com
26,Samuel,Martin,nzimmerman@example.com
27,Carla,Roberts,annette51@example.org
28,Daniel,Gray,luke56@example.org
29,Steven,Castaneda,elizabethbarton@example.com
30,Samuel,Boyd,sarahhopkins@example.org
31,Amy,Simmons,parkteresa@example.org
32,James,Nunez,austincrystal@example.net
33,Michael,Williams,qschroeder@example.net
34,Brian,Myers,matthewjohnson@example.com
35,Kimberly,Johnson,gilbertmatthew@example.net
36,Michael,Anderson,matthew92@example.org
37,Robert,Armstrong,ukennedy@example.com
38,James,Avery,msmith@example.com
39,David,Braun,johnkline@example.com
40,Thomas,Trujillo,tonyafuentes@example.org
41,Cynthia,Atkinson,paynekimberly@example.com
42,Kimberly,Williams,williamstyler@example.net
43,Jonathan,Fisher,churchamanda@example.net
44,Margaret,Powell,sharper@example.com
45,Paul,Francis,courtneysanchez@example.net
46,Eric,Miller,jenniferpitts@example.com
47,Edward,Choi,zwhite@example.com
48,Crystal,Fry,tracy89@example.net
49,Donna,Schmidt,william40@example.com
50,Christopher,Zuniga,iperry@example.org
51,Cynthia,Woodward,brodriguez@example.org
52,Randy,Cruz,smithtimothy@example.org
53,Nicole,Gould,michellecooper@example.org
54,Tanya,Davis,sjohnson@example.com
55,Katelyn,Johnson,april19@example.com
56,Susan,Romero,amanda40@example.net
57,Savannah,Velazquez,johnnyjordan@example.com
58,Sydney,Dudley,ssmall@example.com
59,Mary,Rollins,frodriguez@example.net
60,Melissa,Matthews,patrick46@example.com
61,Robert,Bryan,yvonne18@example.org
62,Elizabeth,Gomez,banksmelissa@example.org
63,Dorothy,Kelly,scottwilcox@example.net
64,Mathew,Delacruz,dwaynecarney@example.net
65,Jennifer,Atkinson,fshaffer@example.net
66,Robin,Hall,carterhoward@example.net
67,Randy,Blackwell,jamesgibson@example.com
68,Elizabeth,Roberts,xthomas@example.net
69,Karen,Brewer,jillrodriguez@example.net
70,Terri,Webb,lpierce@example.org
71,Frank,Henry,james05@example.com
72,Sandra,Williams,hthomas@example.org
73,Christina,Brown,eroberts@example.org
74,Terri,Williams,deniserobinson@example.org
75,Amanda,Salinas,travisclark@example.com
76,Richard,Lewis,ijordan@example.com
77,Jessica,Wilson,achase@example.com
78,Katherine,Riggs,thomasdaniel@example.com
79,Charles,Wallace,leemichael@example.net
80,Thomas,Mitchell,stacy58@example.org
81,Shaun,Mendoza,adalton@example.org
82,Kimberly,Thomas,nnewton@example.org
83,Jon,Young,kbutler@example.org
84,Rebecca,Koch,ahansen@example.com
85,James,Williams,jenkinsjason@example.com
86,Jody,Bray,catherine98@example.net
87,Katherine,Acosta,jasonmadden@example.com
88,David,Johnson,stewartdave@example.com
89,Michelle,Ward,jeffreydillon@example.com
90,Amy,Evans,benjamin16@example.com
91,Ann,Mendoza,jgarcia@example.org
92,Doris,Frost,torresmatthew@example.org
93,Krystal,Berry,djackson@example.net
94,David,Wright,ramseynicholas@example.org
95,Mary,Richardson,meganrivera@example.org
96,Taylor,Taylor,mwilliams@example.org
97,Wayne,Smith,dguzman@example.net
98,Janet,Stein,halljohn@example.com
99,Adam,Smith,lopezkevin@example.net
100,William,Gilmore,gillespiealyssa@example.net
101,Kim,Escobar,juliemayer@example.org
102,Rachel,Romero,amy33@example.org
103,Heather,Murphy,valerie15@example.net
104,Christopher,Noble,fmiller@example.com
105,Stephen,Schmidt,phammiranda@example.com
106,Brian,Randolph,dclark@example.org
107,Christopher,Smith,jmeza@example.com
108,Noah,Valentine,xortega@example.com
109,Kathryn,Suarez,christinaharvey@example.com
110,Jeffrey,Johnson,vwatson@example.com
111,Joseph,Barnett,robingregory@example.com
112,Michael,Dean,esparzapamela@example.net
113,Craig,Vance,uarellano@example.com
114,Elijah,Monroe,flynnmelissa@example.com
115,Jason,Mcclure,bailey89@example.com
116,Robert,Bailey,randyrobinson@example.com
117,Megan,Martinez,brittneywise@example.com
118,Erik,Hamilton,wwalker@example.com
119,Jessica,King,hensleydenise@example.org
120,Megan,Smith,angelaanderson@example.net
121,Veronica,Rush,hhansen@example.net
122,Francisco,Bell,ycurtis@example.com
123,Melissa,Moore,kneal@example.net
124,Sarah,Hughes,evelyn39@example.com
125,Kevin,Patterson,timothy55@example.net
126,Daniel,Conner,williamnicholson@example.com
127,Javier,Allen,cmartin@example.com
128,Christian,Skinner,jonathan60@example.com
129,Ruben,Hall,kparker@example.net
130,Michael,Santiago,goldenpatricia@example.com
131,Cody,Morgan,tinacampbell@example.net
132,Jonathan,Leblanc,deborah00@example.net
133,Cody,Boyd,tjames@example.net
134,Kathy,Chang,timothyrobinson@example.com
135,Caitlyn,Parker,shane31@example.net
136,Laura,Myers,catherinejames@example.org
137,Marcus,Hernandez,andrew36@example.org
138,Brooke,Elliott,ucisneros@example.org
139,James,Nunez,ramseykatherine@example.org
140,Christine,Patterson,gpeterson@example.org
141,Diana,Sawyer,bowens@example.org
142,Jason,Jones,dsimmons@example.com
143,Monique,Campos,smithdebra@example.com
144,Brittney,Smith,gloria54@example.net
145,Kathryn,Campbell,bryansolis@example.com
146,Nicole,Vargas,charlesmartinez@example.net
147,Rick,Pena,kendraschmidt@example.net
148,Elijah,Klein,jortega@example.net
149,Diane,Powell,bstout@example.org
150,Meghan,Ayala,gordongrace@example.net
151,Robert,Reilly,smithkelly@example.org
152,Daniel,Smith,grahammarcus@example.net
153,Lori,Mercado,april82@example.net
154,Zachary,Medina,tiffany30@example.org
155,Gary,Garcia,sarahmcdowell@example.com
156,Howard,Cooper,robert84@example.net
157,Jennifer,Romero,kellyroth@example.com
158,Cody,Hughes,david49@example.org
159,Bobby,Perez,ashleyhughes@example.net
160,Debbie,Smith,ohughes@example.net
161,Melanie,Mcgee,kmoody@example.com
162,Denise,Winters,karen07@example.org
163,Brandon,Ward,brandon95@example.net
164,Elizabeth,Dominguez,hector47@example.com
165,Jason,Robles,amygay@example.com
166,Clinton,Wright,holly42@example.org
167,Suzanne,Jackson,qcollins@example.net
168,Jennifer,Levine,langjeffery@example.com
169,Steven,Watkins,clarkperry@example.com
170,Joe,Callahan,rebeccacordova@example.org
171,Emily,Herrera,travis93@example.net
172,Amanda,Graves,baileycasey@example.com
173,Julie,Vincent,longanna@example.org
174,Michael,Brown,trevor36@example.net
175,Samantha,Patterson,monicajohnson@example.org
176,Isaac,King,linda52@example.com
177,Danielle,Li,jensenjulie@example.net
178,Kenneth,Cunningham,rodriguezchristopher@example.org
179,Cynthia,Pearson,mthompson@example.org
180,Julia,Ruiz,megan75@example.net
181,George,Williams,leangela@example.net
182,Daniel,Harding,ugarcia@example.com
183,Nancy,Jones,aaronphillips@example.org
184,Nancy,Taylor,jennifer35@example.org
185,Richard,Harper,katherineodom@example.org
186,Jessica,Parker,ugarcia@example.com
187,Ronald,Torres,leejim@example.net
188,Chelsey,Bradley,william18@example.com
189,Denise,Jones,xbartlett@example.org
190,Laurie,Crawford,iramos@example.com
191,Luis,Alexander,medinamatthew@example.org
192,Ronald,Vasquez,aaron34@example.org
193,Terri,Wade,brian12@example.com
194,Steven,Davenport,christinemathis@example.com
195,Stephanie,Sherman,aprilcarson@example.net
196,Carl,Acosta,fchavez@example.com
197,Karen,Lopez,brianrojas@example.org
198,Marilyn,Sexton,watsonscott@example.org
199,Victoria,Anderson,jeffery22@example.com
200,Elizabeth,Wolfe,kimjustin@example.org
201,Lynn,Vargas,gonzalezmary@example.com
202,Chelsea,Greene,tammysmith@example.com
203,Manuel,Prince,fryann@example.net
204,Austin,Williams,mruiz@example.com
205,Stacey,Perez,richard65@example.com
206,Ryan,Dominguez,edwardscorey@example.net
207,Ryan,Leon,tanyamathews@example.com
208,Morgan,Simmons,hjones@example.net
209,James,Leblanc,kaylavargas@example.org
210,Stephanie,Davis,aguirrecorey@example.org
211,Elizabeth,Villarreal,coxlindsay@example.org
212,Pamela,Brown,petersonsheri@example.org
213,Steven,Benson,jared26@example.org
214,Stephen,Mclean,umiller@example.net
215,David,French,gsmith@example.org
216,Raymond,Nelson,hward@example.com
217,Ashley,Carroll,baileyfowler@example.net
218,Scott,Johnson,richardcoleman@example.net
219,Crystal,Walker,andrea89@example.net
220,Tracy,Jones,xreynolds@example.net
221,Joseph,Gonzalez,melissa25@example.net
222,Anna,Newton,ifischer@example.net
223,Michael,Bates,fsimon@example.com
224,Peter,Gonzalez,allennoah@example.net
225,Jennifer,Brown,vowens@example.org
226,Sydney,Klein,joshua12@example.net
227,Donald,Sanders,jglass@example.org
228,Ian,Russell,ethomas@example.com
229,Kimberly,Berg,simpsonisaiah@example.net
230,James,Evans,vmckay@example.org
231,Linda,Ford,matthewrose@example.com
232,Kristi,Hensley,jennifer32@example.org
233,Darlene,Hernandez,fieldslynn@example.org
234,Stephen,Holmes,alyssa54@example.net
235,Rachel,Schultz,jaclynhodges@example.com
236,Sherry,Robertson,iroberts@example.com
237,Allison,Rivera,victorblake@example.org
238,Michael,Smith,chansen@example.org
239,Carla,Campos,tstein@example.org
240,Scott,Walton,connievillegas@example.com
241,Deanna,Beard,mclaughlintiffany@example.net
242,Andrew,Howard,qperez@example.net
243,Heather,Hill,carolweaver@example.com
244,Lori,Villarreal,lkhan@example.net
245,Christina,Thomas,katherineknight@example.org
246,Andrea,Adams,joseph03@example.org
247,Kathleen,Thomas,hoffmanjeffery@example.net
248,Adam,Lewis,lisa54@example.org
249,Frances,Shields,marthamacdonald@example.org
250,Jane,Herrera,danielle86@example.org
251,Morgan,Murray,mitchell69@example.net
252,David,Austin,donald65@example.com
253,Natalie,White,ashley41@example.net
254,Destiny,Kelly,amycurry@example.net
255,Kristin,Ramos,qli@example.org
256,Gregory,Mccoy,yli@example.net
257,Jennifer,Thompson,hollandjamie@example.com
258,Cynthia,Silva,orozcoroger@example.net
259,Rebecca,Mcdonald,michaeldrake@example.net
260,Scott,Martinez,medinaeric@example.org
261,Jennifer,Stevenson,mckenziefranklin@example.net
262,Darius,Brooks,chughes@example.org
263,Gregory,Abbott,slarsen@example.net
264,Christina,Saunders,michaelbenitez@example.net
265,Evelyn,Howard,hhaley@example.com
266,Bobby,Palmer,melissa69@example.net
267,William,Howell,xsanchez@example.net
268,Ryan,White,lawrencewhite@example.com
269,Eric,Gibbs,chavezclifford@example.net
270,Lisa,Butler,uhunter@example.com
271,Daniel,Hicks,dorothyharrison@example.org
272,Daniel,Williams,michelle85@example.com
273,Jennifer,Valenzuela,morrisanthony@example.com
274,Maria,Norman,robert88@example.org
275,Paul,Spencer,elizabethbradley@example.org
276,Jason,Sutton,ytran@example.org
277,Eric,Young,jennifersanders@example.org
278,Robert,Moore,ryanmiller@example.org
279,Anthony,Long,michael41@example.net
280,Lisa,Evans,barbara03@example.net
281,Jody,Rojas,wangrobert@example.com
282,Christopher,Thomas,ywallace@example.org
283,Jennifer,Barrera,myerscharles@example.net
284,Eric,Padilla,fergusonangela@example.org
285,Nicole,Garcia,rhill@example.com
286,Christine,Hall,amybyrd@example.org
287,Adrian,Holmes,irivas@example.net
288,Jessica,Perkins,wonglindsey@example.com
289,Theresa,Ortega,arthurlopez@example.com
290,Amanda,Reid,ariel33@example.org
291,Brian,Hall,davidtaylor@example.com
292,Steven,Cox,michael95@example.com
293,Jason,Contreras,wilsonalicia@example.org
294,Matthew,Jones,jonesalan@example.org
295,Reginald,Hansen,johnsonronald@example.org
296,Stephen,Hall,michaelchapman@example.net
297,Samantha,Fernandez,xrivas@example.org
298,Jorge,Hunter,markfreeman@example.com
299,Jason,Shelton,jenniferhernandez@example.org
300,Suzanne,Martinez,coltonlynch@example.org
301,John,Ashley,howarddavid@example.com
302,Paul,Boyd,lawrencedavis@example.org
303,Adam,Young,davidarnold@example.com
304,Tiffany,Lopez,ramoselizabeth@example.org
305,Billy,Jackson,ngutierrez@example.net
306,Sarah,Russell,emmacarr@example.com
307,April,Richardson,kristen87@example.com
308,Debra,Henry,gomezvincent@example.net
309,Joyce,Grant,ybrown@example.com
310,Danny,Mcconnell,gonzalezanthony@example.net
311,Sherry,Nelson,poncemegan@example.org
312,Rebecca,Miller,robert33@example.com
313,Kelly,Martinez,aprice@example.com
314,Dustin,Miller,huntertorres@example.org
315,Linda,Ramos,djones@example.com
316,Dennis,Santana,rodriguezjoseph@example.org
317,Barbara,Alvarez,laurajones@example.net
318,Jennifer,Hernandez,moranrobert@example.com
319,Jonathan,Moreno,robert16@example.org
320,Jennifer,Friedman,kathryncarter@example.com
321,Eric,Smith,cynthia74@example.org
322,Carrie,Huynh,amberlewis@example.net
323,Brittany,Perry,perkinsjesse@example.com
324,Brandon,Ramirez,kyleholt@example.com
325,Christopher,Bryant,mindy95@example.org
326,Brittany,George,coopercynthia@example.org
327,Scott,Glover,anthonydaugherty@example.net
328,Brian,Bennett,campbelldavid@example.org
329,Julie,Ortiz,tgarner@example.org
330,Brenda,Johnson,aanderson@example.org
331,John,Alvarado,walkercrystal@example.net
332,Sergio,Kaiser,samantha24@example.org
333,Catherine,Golden,williamsrichard@example.net
334,Briana,Cole,mosleychristina@example.com
335,Jillian,Rivera,janet11@example.net
336,Daniel,Morris,mary87@example.com
337,Laurie,Herrera,vdeleon@example.net
338,George,Lee,obutler@example.net
339,Stephen,Bates,bchang@example.org
340,James,Henson,rachaelfields@example.com
341,Dawn,Wright,novaklisa@example.org
342,Matthew,Young,gordonrobert@example.com
343,Billy,Mcclain,ashleyweaver@example.com
344,Alex,Murphy,jessica80@example.com
345,Miranda,Rocha,bailey98@example.com
346,William,Roberts,bsmith@example.net
347,Stephen,Ramos,sthompson@example.net
348,Kelly,Wallace,michaelduncan@example.org
349,Curtis,Allen,perezcatherine@example.net
350,Chelsey,Parker,agordon@example.com
351,Hailey,Wells,bryan03@example.com
352,Gregory,Leonard,bonilladanielle@example.org
353,Matthew,Johnson,rperez@example.net
354,Marcus,Wright,david00@example.com
355,Daniel,Stone,andrew28@example.com
356,Kimberly,Hernandez,chavezzachary@example.com
357,Tim,Burns,jordanjacqueline@example.org
358,Jerry,West,xmiller@example.net
359,Abigail,Green,millsdaniel@example.net
360,Kevin,Smith,tvazquez@example.net
361,Christina,Brown,tamara25@example.org
362,Melissa,Mccarthy,daniel00@example.com
363,Breanna,Zavala,william34@example.net
364,Joshua,Hicks,cwright@example.net
365,Samuel,Payne,joshuapeterson@example.net
366,Christina,Doyle,trevordixon@example.com
367,Anna,Ortega,amberdavis@example.org
368,Paul,Ross,belindamiller@example.com
369,James,Ortiz,sjordan@example.org
370,Debra,Williams,derrickstrickland@example.org
371,Jennifer,Collins,jilljohnson@example.com
372,Pam,Davis,hfrancis@example.org
373,Jessica,Anderson,angelabrown@example.com
374,Kyle,Sullivan,dsnyder@example.com
375,Theodore,Walker,zsimmons@example.org
376,Theresa,Baker,yolandapennington@example.com
377,Cassandra,Frederick,florescarrie@example.net
378,Stacey,Pham,vmyers@example.org
379,Michael,Kennedy,robertsbrittany@example.net
380,Tammy,Porter,kwhite@example.com
381,Jessica,Hill,vlopez@example.net
382,Virginia,Levine,sierra56@example.org
383,Thomas,Le,lawrencedavid@example.net
384,Misty,Morrison,jimenezsara@example.com
385,Ricky,Copeland,mwilliams@example.net
386,Katelyn,Jensen,john99@example.com
387,Donna,Reynolds,ryan36@example.org
388,Stephen,George,mandy64@example.net
389,Megan,Vaughn,lgibson@example.org
390,Anne,Brown,jessica43@example.org
391,Crystal,Foley,bross@example.com
392,Ashley,Vega,tiffanyschwartz@example.com
393,Veronica,Cox,qjarvis@example.com
394,Joseph,Rodriguez,michael34@example.com
395,Aaron,Gibson,yolanda71@example.com
396,Jennifer,Dean,jgarcia@example.net
397,Kenneth,Williams,megantaylor@example.com
398,Andrew,Ware,meghan11@example.net
399,William,Davis,john15@example.org
400,Kimberly,Gillespie,katrinavargas@example.net
401,John,Perez,pereztara@example.net
402,Douglas,Martin,christopher41@example.com
403,Gloria,Hernandez,william99@example.net
404,John,Collins,smithaustin@example.net
405,Fred,Sanchez,christianferrell@example.com
406,Katrina,Phillips,lopezgarrett@example.net
407,Gregory,Kelly,amy37@example.org
408,Jaime,Carey,jamesrios@example.net
409,Douglas,Phillips,lesliewright@example.net
410,Phillip,Osborne,wallacepriscilla@example.org
411,Heather,Vasquez,hernandeztracy@example.org
412,Heather,Williams,deborah67@example.org
413,Michael,Daugherty,lunatina@example.net
414,Jorge,Barrett,cbrooks@example.net
415,Lindsay,Weaver,jessicaleonard@example.org
416,Kelly,Adkins,coxphillip@example.com
417,Tracy,Dennis,marthabrown@example.net
418,Ann,Mooney,jameshansen@example.com
419,Luis,Phillips,alexandraphillips@example.net
420,Rodney,Lambert,abrennan@example.net
421,Christopher,Newton,april14@example.com
422,Robert,Beltran,smiththomas@example.org
423,Nicole,Ashley,cynthia70@example.net
424,Jeremy,Mejia,martinjessica@example.com
425,Brent,Barry,emarshall@example.com
426,Anthony,Hopkins,erikacampbell@example.net
427,Robert,Wilson,rachael30@example.org
428,Michael,Stewart,william50@example.com
429,Heather,Phillips,aaron14@example.com
430,Kara,Lewis,paulperez@example.com
431,Randall,Webb,michelle75@example.org
432,Randy,Bailey,ugood@example.net
433,Sean,Terry,nmcdaniel@example.com
434,Joshua,Mason,allenkatherine@example.net
435,Bobby,Wallace,nmiddleton@example.org
436,Ann,Jackson,caleblozano@example.com
437,Adam,Allen,sanchezrussell@example.org
438,Ross,Sullivan,micheletaylor@example.net
439,Jennifer,Mcmahon,hollandjessica@example.net
440,Timothy,Moore,ywaters@example.net
441,Jason,Smith,ross67@example.net
442,James,Watson,bob59@example.org
443,Antonio,Jackson,jenningsamanda@example.net
444,Chad,Olson,shannon36@example.com
445,Joseph,Perez,lynchmichelle@example.com
446,Donna,Horne,rdorsey@example.net
447,Jeremiah,Brown,carriehobbs@example.net
448,Lori,Johnson,gloverjonathan@example.org
449,Vanessa,Villa,adamlambert@example.org
450,Monica,Escobar,donald55@example.net
451,Ricardo,Becker,cbarber@example.com
452,Patricia,Berry,ffisher@example.com
453,William,Bailey,mary47@example.com
454,Albert,Evans,morriskristy@example.com
455,Joshua,Powers,nbrown@example.com
456,John,Mcdonald,patrick75@example.org
457,Cynthia,Mcintosh,bonniephillips@example.net
458,Catherine,Scott,grace52@example.org
459,Lance,Burch,andrea14@example.com
460,Pam,Tucker,ijacobs@example.com
461,Justin,Sutton,tammybrown@example.com
462,Jeffrey,Moore,kyleabbott@example.net
463,Patrick,Welch,ojones@example.net
464,Robert,Reid,uchristian@example.com
465,Michelle,Newton,vwhite@example.com
466,Paula,Rogers,xclark@example.org
467,Amy,Johnson,erica87@example.org
468,Ashley,Lopez,zcantu@example.com
469,Jacqueline,Brock,arthur80@example.com
470,Alec,Mcintosh,zsimmons@example.org
471,Brittany,Taylor,martinezcharles@example.net
472,Michelle,Castro,salazarjamie@example.net
473,Tammy,Guerrero,charlesreese@example.net
474,Michelle,Ross,bguzman@example.org
475,Jennifer,Hopkins,vmartin@example.net
476,Stephen,Nelson,washingtonjennifer@example.com
477,Veronica,Garcia,sherryryan@example.org
478,Dawn,Butler,oscar87@example.net
479,Kelly,Anderson,kenneth51@example.com
480,Angela,Erickson,victorcook@example.com
481,Matthew,Maldonado,ghughes@example.net
482,Holly,Davis,rhondacohen@example.org
483,Jasmine,Wallace,dana09@example.com
484,Brenda,Nelson,alexander91@example.net
485,Juan,Banks,hintonkristina@example.org
486,Nicole,Porter,daniellesmith@example.com
487,Corey,Thomas,smithsandra@example.com
488,Christy,Lee,maciasjoel@example.net
489,Kathryn,Smith,ypittman@example.org
490,Patrick,Morrow,taraholloway@example.com
491,Angela,Lee,michaelsmith@example.net
492,Stephanie,Lloyd,brooksjoshua@example.org
493,Scott,Moore,rebecca85@example.com
494,Emily,Parker,xtapia@example.com
495,Darren,Newman,rachel12@example.net
496,Jacob,Vazquez,nancy92@example.com
497,Rebecca,Carpenter,stephen66@example.com
498,Mitchell,Duncan,xdennis@example.com
499,Michael,Richardson,vbrown@example.org
500,Joshua,Moyer,lstout@example.com
501,Frank,Wells,jennifer51@example.org
502,James,Reed,ann88@example.net
503,William,Baker,strongaaron@example.com
504,Yvette,Mitchell,stephencampbell@example.org
505,Caitlyn,Flores,stacyhenry@example.com
506,Alexandra,Kelley,juliachapman@example.com
507,Ashley,Powell,dmcgee@example.org
508,Jessica,Ortiz,blairkimberly@example.org
509,Christopher,Baker,matthew88@example.org
510,Gina,Irwin,kimberly96@example.org
511,Dustin,Holland,michaela84@example.net
512,Timothy,Garcia,jonesmichael@example.net
513,Hannah,Wilson,erin68@example.com
514,Penny,Clements,sandovalshelley@example.org
515,Kelly,Young,brittany20@example.net
516,Jeremy,Smith,nguyenbrandi@example.org
517,Steven,Hernandez,colleencraig@example.com
518,Wendy,Moyer,christophergarcia@example.net
519,Robert,Barnes,keith87@example.com
520,Melanie,Alvarez,jennifergreene@example.org
521,Richard,Cook,moorewayne@example.net
522,April,Olson,hbrewer@example.org
523,Matthew,Mills,maryjohnson@example.com
524,Beth,Perez,katie32@example.org
525,Wendy,Charles,samantha66@example.com
526,Brittany,Rice,amandaarias@example.com
527,Adam,Austin,kennethparrish@example.org
528,Autumn,Bailey,connersharon@example.net
529,Donald,Gonzales,wpitts@example.org
530,Justin,Wang,mjohnson@example.net
531,Joseph,Bennett,aaronmcneil@example.org
532,Catherine,Kirk,danieljones@example.net
533,Julie,Hunter,carrie18@example.org
534,Lisa,Wilcox,zmendoza@example.net
535,Rachel,Holden,matthew35@example.org
536,David,Hawkins,jessicarichardson@example.org
537,Jennifer,Key,oberger@example.com
538,Elizabeth,Mcdonald,seanwalter@example.org
539,Nathan,Hurst,ecruz@example.com
540,Alison,Jones,ahawkins@example.net
541,Beth,Alvarez,marcusward@example.org
542,John,Hansen,dennisdiaz@example.org
543,James,Ryan,jesusprice@example.net
544,Heidi,Gaines,jessicawalker@example.net
545,Heidi,Lee,whoffman@example.org
546,Julia,Hester,gayjennifer@example.org
547,Christina,Spencer,sarahortiz@example.net
548,Alexis,Smith,cbray@example.com
549,Robin,Hayes,lanemichelle@example.org
550,Anna,Blair,jennifer51@example.net
551,Shawn,Davis,collinssamantha@example.com
552,Jessica,Simmons,anitamartinez@example.org
553,Tasha,Parker,karen99@example.net
554,Kevin,Sullivan,ysmith@example.com
555,Michael,Scott,justingonzales@example.org
556,Sydney,Anderson,perezdouglas@example.org
557,John,Holt,nmartinez@example.org
558,Daniel,Phillips,jessicaanderson@example.com
559,Michael,Dean,michael91@example.com
560,Geoffrey,Moyer,tbell@example.org
561,David,Johnson,joel11@example.net
562,Gina,Nelson,farrellbrian@example.com
563,Laura,Coleman,mary20@example.net
564,Cody,Jones,mariahart@example.net
565,Linda,Scott,lindsay93@example.org
566,Caroline,Wilson,feliciaortiz@example.org
567,Jesus,Mack,marybowers@example.org
568,David,Smith,yharper@example.net
569,Anthony,Lewis,ericaphillips@example.net
570,Savannah,Sweeney,gonzaleztaylor@example.org
571,Walter,Butler,dsanchez@example.com
572,Stacey,Lewis,hernandezjamie@example.com
573,Kevin,Garza,awilkins@example.net
574,Jenna,Barnes,isabelhurst@example.org
575,Tanya,Dorsey,anthony17@example.net
576,Hector,Brown,ninabryant@example.org
577,Martha,Dawson,krystal86@example.com
578,Marilyn,Bright,jensentodd@example.com
579,Andrew,Garcia,parkermia@example.org
580,James,James,hjuarez@example.org
581,Carolyn,White,smithrichard@example.com
582,Robin,Carter,paul05@example.net
583,Carolyn,Bell,qgrant@example.com
584,Troy,Murray,michellebarnes@example.net
585,Richard,Lopez,tracy16@example.com
586,Julie,Brown,juliejones@example.org
587,Crystal,Burgess,mcain@example.net
588,Jason,Romero,brianwhite@example.org
589,Ian,Vang,zmcfarland@example.com
590,Andrew,Baker,lemichael@example.com
591,Christina,Robertson,afrench@example.com
592,Olivia,Carey,jonessamantha@example.net
593,Austin,Davis,jason17@example.net
594,Peggy,Snyder,garcianichole@example.com
595,Melissa,Smith,mcdanieljose@example.org
596,Dennis,Harris,robertsmichael@example.org
597,Eric,Webb,christina15@example.com
598,Kimberly,Nixon,wrighteric@example.net
599,Jessica,Turner,goldenyvonne@example.net
600,Samantha,Wells,cdavis@example.net
601,William,Williams,maureen39@example.org
602,Mackenzie,Peterson,danielmiller@example.net
603,Angela,Mills,tracy16@example.com
604,Amy,Webb,matthew16@example.com
605,Billy,Rose,zwright@example.com
606,Tyler,Duffy,tpatel@example.com
607,Brianna,Wallace,corey82@example.net
608,Ryan,Figueroa,lisapadilla@example.org
609,Yolanda,King,jeremycontreras@example.net
610,Jennifer,Butler,roberto38@example.org
611,Colton,Cruz,hpaul@example.net
612,Roberto,Lane,mcameron@example.org
613,Michael,Mathews,wgrant@example.org
614,Christopher,Anderson,stevenhampton@example.net
615,Jennifer,Brown,john75@example.net
616,Judy,Michael,scott30@example.net
617,Jeremy,Vega,deborahwest@example.net
618,Miranda,Bell,lestermary@example.com
619,Edward,Brown,eduardo33@example.com
620,Donna,Jones,nharris@example.net
621,Stephanie,Smith,dbates@example.net
622,Sara,Thompson,shannon30@example.net
623,Carl,Harmon,samanthabarnes@example.net
624,Elizabeth,Beck,mollymyers@example.org
625,William,Gates,elizabeth34@example.net
626,Christopher,Carter,victoria30@example.net
627,Jason,Cox,christopher96@example.org
628,John,Harris,aclements@example.com
629,Gloria,Chang,wthompson@example.com
630,Samuel,Walters,ihenry@example.com
631,Rachel,Pierce,ytorres@example.org
632,William,Garcia,carrie52@example.com
633,Deborah,Nichols,amystout@example.com
634,Vanessa,Coffey,charles77@example.org
635,Alicia,Johnson,kevin57@example.net
636,Katherine,Hernandez,jdalton@example.com
637,Steven,Chan,kharrell@example.com
638,Ashlee,Hall,richardsonchristine@example.com
639,Amy,Jimenez,william01@example.net
640,Tricia,Myers,bmckee@example.com
641,Amber,Thomas,reynoldsjason@example.com
642,Megan,Smith,josephrodriguez@example.net
643,Chad,Malone,raypaul@example.net
644,Mark,Montgomery,nmoore@example.net
645,Erin,Michael,bradleyknight@example.com
646,Ashley,Roach,jenny40@example.net
647,Peter,Moyer,evansmichael@example.org
648,Jason,Malone,yolandabernard@example.org
649,Stephen,Hicks,cchan@example.net
650,Olivia,Taylor,qfisher@example.org
651,Tanya,Cordova,ryan48@example.com
652,William,Gray,matthewgarcia@example.org
653,Robert,Collins,rachael45@example.com
654,Jeanette,Sanchez,jason37@example.net
655,Lacey,Taylor,bradley95@example.org
656,Leslie,Byrd,adam72@example.com
657,Maria,Washington,jamiewebster@example.com
658,Melissa,Butler,damon66@example.com
659,Alejandro,Taylor,banksmatthew@example.org
660,Kaitlyn,Smith,xolson@example.com
661,Tyler,Powell,johnsonjessica@example.net
662,William,Hernandez,olsonamber@example.org
663,James,Andrews,thomasdavidson@example.net
664,Barbara,Gray,hcohen@example.net
665,Kevin,Avila,mckenziegalloway@example.net
666,Adrian,James,cindyweaver@example.net
667,David,Reid,josephjohnson@example.net
668,Karen,Petersen,galvarado@example.net
669,Jose,Shelton,ohernandez@example.org
670,John,Winters,gardneremma@example.org
671,Mark,Mills,russelljackson@example.com
672,Heather,Hamilton,jpalmer@example.org
673,Sergio,Johnson,pamela05@example.org
674,Michael,Guerra,davidsweeney@example.net
675,Randy,Horn,angela86@example.com
676,Troy,Schneider,qreynolds@example.net
677,Ian,Young,sharon05@example.net
678,Charlotte,Miller,qjones@example.net
679,Kimberly,Bates,parkertravis@example.net
680,Justin,Thomas,veronica41@example.net
681,Catherine,Silva,nataliethornton@example.com
682,Jonathan,Boyle,wrightjonathan@example.net
683,Eric,Estrada,ywebb@example.com
684,Cheryl,Robinson,zdudley@example.com
685,Pamela,Gallagher,jennifer98@example.com
686,Jonathan,Lam,ethanhenry@example.org
687,Wayne,Smith,jennifer55@example.net
688,Karen,Lyons,fosborn@example.net
689,Joy,Barnes,gonzalezdesiree@example.net
690,Erika,Hudson,courtney53@example.org
691,Robert,Boyd,nicole10@example.com
692,James,Luna,bwade@example.com
693,Amber,Garcia,yyoung@example.net
694,Eric,Scott,claytonkaren@example.net
695,Tanya,Houston,hwilliams@example.net
696,Christine,Harris,gary26@example.org
697,Janice,Chen,brennanphillip@example.org
698,Alexandria,Cole,ggallagher@example.com
699,Shannon,Davis,brooke46@example.net
700,David,Sandoval,markjohnson@example.net
701,Gabriel,Taylor,ernestwalter@example.com
702,Samuel,Turner,robert76@example.org
703,John,Jones,heather89@example.com
704,Julia,Moore,nsalas@example.org
705,Jon,Nguyen,hmurray@example.net
706,Sharon,Leblanc,gherman@example.org
707,Ryan,Hall,linda12@example.com
708,Crystal,Jones,perezjoseph@example.com
709,William,Miller,rowemary@example.org
710,Melissa,Wallace,ywilliams@example.net
711,Kenneth,Chavez,carlosdaniels@example.com
712,Alan,Wright,aaron95@example.org
713,Micheal,Williams,carriegoodman@example.org
714,John,Houston,boltonarthur@example.org
715,James,Drake,mitchellsteven@example.org
716,Joseph,Andrews,mitchell16@example.org
717,Annette,Cunningham,swright@example.net
718,Rebecca,Smith,dennisbarber@example.net
719,Alexis,Nelson,doconnor@example.net
720,Victoria,Smith,katherine38@example.org
721,Jason,Baker,delacruzjacob@example.org
722,Pamela,Wright,lisa53@example.com
723,Jorge,Mcconnell,michelle47@example.com
724,Emily,Jacobs,sandra81@example.com
725,Paul,Anderson,sanderstimothy@example.net
726,Krystal,Castro,johnsonchristopher@example.net
727,Samuel,Barnes,jamescarlson@example.com
728,Kathleen,Wright,mlam@example.com
729,Brent,Jennings,fowlerterri@example.net
730,Alicia,Lewis,caitlin96@example.com
731,Alex,Perez,scotteric@example.com
732,Ryan,Ruiz,robrien@example.org
733,Tiffany,White,smiththomas@example.com
734,Raymond,Jensen,jeffrey67@example.net
735,Nicholas,Taylor,weissrachel@example.org
736,Samantha,Berry,fosterkristin@example.com
737,Penny,Jackson,lgordon@example.net
738,Mitchell,Davis,blake00@example.com
739,Anna,Kelly,peter85@example.org
740,Deborah,Harrington,gibsonjessica@example.org
741,Rebecca,Gonzalez,sullivantodd@example.net
742,Jessica,Mclaughlin,russell75@example.org
743,Ashley,Lawrence,pmiller@example.com
744,John,Camacho,gilbert42@example.org
745,Xavier,Richardson,williamtorres@example.com
746,Harry,Hicks,daniel15@example.net
747,Nathan,Nelson,terryjohnson@example.org
748,Brian,Johnson,brianwalker@example.net
749,Alexandra,Brown,willie33@example.com
750,Michelle,Peters,kblack@example.com
751,Betty,Rivas,hgeorge@example.com
752,John,Dorsey,peter68@example.net
753,Patricia,Thomas,davidmaynard@example.net
754,Samuel,Hinton,pharrison@example.com
755,Marc,Nichols,michaelrobinson@example.net
756,Matthew,Gross,laurietorres@example.com
757,Jason,Harvey,foxdiana@example.org
758,Erika,Morales,philip77@example.com
759,Frederick,Williams,dudleyedwin@example.org
760,Samuel,Nguyen,thomas58@example.com
761,Lisa,Miller,caroljohnston@example.net
762,Samuel,Jackson,maria10@example.net
763,Timothy,Williams,awilcox@example.net
764,Bradley,Parker,gclayton@example.net
765,Jacob,Martinez,dchan@example.com
766,Curtis,Mckinney,johnstonamber@example.com
767,Samantha,Green,jennifersanders@example.com
768,Heather,Martin,bhensley@example.net
769,Marcus,Vasquez,galvanchristina@example.com
770,Teresa,Stout,kathleen77@example.org
771,Shane,Gomez,hortonhannah@example.net
772,Hannah,Chapman,guywilkins@example.org
773,Christopher,Mendoza,swall@example.org
774,James,Martin,donna96@example.com
775,Andrea,Mosley,william33@example.net
776,Bradley,Miller,jasonmurphy@example.com
777,John,Shea,susan21@example.com
778,James,Kirby,victoriaflores@example.net
779,Brendan,Hunter,kdavis@example.net
780,Michael,Anderson,amiller@example.net
781,Patricia,Maxwell,zjohnson@example.org
782,Michelle,Chapman,breanna76@example.net
783,Melissa,Hanson,dlarson@example.net
784,Jennifer,Smith,jamesreed@example.org
785,Kim,Evans,carrillomichelle@example.org
786,Leah,Clark,mooreedgar@example.com
787,Kathy,Logan,john54@example.com
788,Sergio,Lopez,alexisjones@example.org
789,Manuel,Simpson,chelsea87@example.net
790,John,Rios,matthewroberts@example.org
791,Andres,Mills,jeremycollins@example.net
792,Sherri,Odonnell,johngreen@example.com
793,Bruce,Williams,piercekara@example.net
794,Rachel,Smith,tara09@example.org
795,Faith,Miller,ferrellmikayla@example.net
796,Jo,King,jessica79@example.org
797,Melanie,Coleman,jacqueline99@example.org
798,Mark,Rivera,johnsonstacy@example.net
799,Kristina,Price,martha67@example.org
800,Krystal,Johnson,william87@example.com
801,Jacob,Evans,juanarmstrong@example.net
802,Brooke,Bowman,elizabeth34@example.com
803,Nicole,Chandler,joshua64@example.org
804,Nicholas,Ward,wesleydixon@example.net
805,Gregory,Wright,jean16@example.com
806,Robert,Sweeney,hendricksjohn@example.com
807,Christopher,Miller,cduran@example.net
808,Kyle,Hayes,smithzachary@example.org
809,Richard,Mcdaniel,johnschneider@example.net
810,Kristopher,Johnson,emitchell@example.com
811,Brandi,Brown,deborahpugh@example.org
812,Traci,Rush,daisybolton@example.net
813,Joseph,Yates,shellyjackson@example.org
814,Nicholas,Davis,harmonrenee@example.org
815,Dana,Robinson,diazpamela@example.com
816,Sarah,Cherry,mccoydonald@example.net
817,Jared,Hamilton,jennifer28@example.org
818,Nicholas,Waller,stran@example.com
819,Jim,Jones,edwardtaylor@example.com
820,Frank,Gonzalez,trevinostephanie@example.com
821,Veronica,Hall,coopergabriel@example.net
822,Stanley,Pierce,mitchelljonathon@example.org
823,Elizabeth,Murphy,sarah09@example.org
824,Kenneth,Hill,tasha40@example.com
825,Gabriel,Kirk,nathanbenson@example.com
826,Olivia,Grant,reedmichael@example.net
827,Beth,Hanson,williamsullivan@example.org
828,Christopher,Hunt,rnixon@example.com
829,Joseph,Gomez,dphillips@example.net
830,David,Martinez,brianna73@example.org
831,David,Martinez,sarahdiaz@example.net
832,Angela,Hill,millerdonna@example.net
833,Daniel,Martin,brittneysimpson@example.org
834,Morgan,Pope,debbiemaldonado@example.org
835,Brian,Zimmerman,novakgregory@example.org
836,Keith,Garrett,kward@example.com
837,Monica,Bailey,connorevans@example.net
838,Patricia,Smith,kimberlycarrillo@example.org
839,Colleen,Rivera,claudiadickerson@example.net
840,David,Reynolds,pacekathleen@example.org
841,Kristen,Bass,zacharybutler@example.org
842,Nicole,Hunt,karen93@example.org
843,Michael,Schmidt,hallandrew@example.com
844,Janet,Khan,erinking@example.com
845,Janet,Chavez,petersonlinda@example.net
846,William,Shah,charleshowell@example.org
847,Kevin,Mendez,mclaughlinerin@example.com
848,Dustin,Ramos,cdillon@example.net
849,Paul,Lewis,mark72@example.org
850,Mike,Vasquez,lisawilliams@example.com
851,Katherine,Sutton,uanderson@example.net
852,Jose,Anderson,donaldcarpenter@example.com
853,Michael,Robles,simmonsmichelle@example.net
854,John,Payne,stacy34@example.org
855,Adam,Castro,penny42@example.net
856,Emily,Barrera,jeannemiller@example.org
857,Rachel,Riley,lambertcatherine@example.com
858,Gabriel,Silva,howardrandall@example.com
859,Anne,Freeman,daniellejackson@example.net
860,Steve,Adams,quinntimothy@example.net
861,Jeremy,Sandoval,anorman@example.net
862,Aaron,Sullivan,benjaminbanks@example.org
863,Samantha,Richards,christensenlynn@example.org
864,Jesse,Fuller,vanessa95@example.com
865,Sarah,Moore,bill64@example.org
866,Tracy,Sullivan,kathryn93@example.com
867,Kayla,Walsh,mmorgan@example.org
868,Jason,Ramirez,hsavage@example.com
869,Tommy,Lewis,asanchez@example.net
870,James,Suarez,micheletanner@example.net
871,Jenny,Jenkins,cdelacruz@example.net
872,Samuel,Walker,jason79@example.org
873,Paul,Davis,seanolsen@example.net
874,Heidi,Smith,jennifer82@example.net
875,Ronald,Morris,tami83@example.net
876,Heather,Travis,beckeramber@example.com
877,Laura,Ritter,stantonheather@example.org
878,Haley,Sullivan,christina59@example.com
879,Timothy,Smith,louisbradford@example.org
880,Jessica,Hansen,richardgreen@example.com
881,Amber,Smith,dsutton@example.com
882,Debra,Romero,pwallace@example.net
883,James,Robinson,hesterdebbie@example.net
884,Courtney,Hayes,robertsmegan@example.org
885,Logan,Cook,johnsonvanessa@example.com
886,Linda,Wilcox,uobrien@example.net
887,Haley,Vargas,michael92@example.com
888,Jennifer,Ward,jamesclarke@example.com
889,Stephen,Camacho,tbrown@example.net
890,Tiffany,Jones,kennethjohnson@example.net
891,Paul,Henson,josephsamuel@example.net
892,Emily,Sanders,glasskaitlin@example.com
893,Alan,Thomas,brownbryan@example.org
894,Kimberly,Hill,johnsonjoel@example.net
895,Lacey,Hines,cbarajas@example.com
896,Adam,Martin,yjones@example.com
897,Diane,Mccarthy,aleon@example.com
898,Brittany,Novak,wilsonbill@example.net
899,Kimberly,Cross,jodifreeman@example.com
900,Carol,Thompson,rjames@example.com
901,Gregory,Wolfe,jessica25@example.net
902,Vicki,White,umoreno@example.com
903,Michael,Orr,haydenford@example.net
904,Kimberly,Johnson,megan49@example.org
905,Samantha,Lopez,pamelaweeks@example.org
906,Wendy,Crawford,jprince@example.org
907,Joe,Johnson,jpetersen@example.org
908,Marc,Anderson,ryanboyd@example.org
909,Margaret,Buck,jeremythompson@example.com
910,Andrew,Fernandez,matthewtorres@example.net
911,Matthew,Adams,ryan50@example.com
912,Jacqueline,Kim,tchavez@example.org
913,Adam,Vance,anne18@example.net
914,Haley,Martinez,mariaramirez@example.org
915,John,Neal,jesus09@example.com
916,Wayne,Wright,timothy52@example.net
917,Scott,Harmon,uhowell@example.com
918,Joseph,Daugherty,tiffanyfletcher@example.org
919,Megan,Hayden,pchan@example.net
920,Samantha,Bowman,byrdjoshua@example.org
921,John,Williams,samanthavega@example.org
922,Stephen,Robles,matthew08@example.com
923,Victor,Joseph,gsmith@example.com
924,Mary,Thompson,ronaldpatel@example.net
925,Debbie,Solomon,tonyaschneider@example.net
926,Anthony,Green,kellymontgomery@example.net
927,Donna,Brown,jessicabrandt@example.net
928,Melissa,Salazar,brownsarah@example.org
929,Carol,Coleman,chapmanrichard@example.org
930,Mark,Rose,annamontes@example.com
931,Karen,Deleon,robert35@example.com
932,Chase,Martin,qhill@example.net
933,Vanessa,Henry,melanie58@example.org
934,Eric,Campbell,nperry@example.org
935,Edward,Fowler,ginapeters@example.com
936,Kerri,Solomon,zachary25@example.com
937,Benjamin,Huerta,medinachristopher@example.com
938,Mark,Jackson,mooremegan@example.com
939,Katie,Clark,ojordan@example.net
940,Cindy,Beck,raymond32@example.com
941,Elizabeth,Harris,xpatrick@example.com
942,Rebecca,Schwartz,jacob95@example.com
943,Jeffery,Kennedy,vbrown@example.net
944,Troy,Rodriguez,douglasjennifer@example.net
945,Eric,Brown,mark01@example.com
946,Courtney,Myers,aharrell@example.org
947,John,Anderson,medinajuan@example.com
948,Marissa,Alexander,wongrandall@example.org
949,Timothy,Murray,zanderson@example.com
950,Felicia,Rose,mkelly@example.net
951,Jennifer,Mckinney,rblair@example.net
952,Daniel,Miller,clayton68@example.net
953,Robin,Smith,gdavis@example.org
954,Luis,Lopez,arnolderic@example.org
955,Gabriela,Hill,jason11@example.com
956,Jacob,Camacho,hilltiffany@example.com
957,Jennifer,Ryan,rgarcia@example.net
958,Brittney,Martin,emeyer@example.com
959,Nicholas,Perkins,rmiller@example.com
960,Chelsey,Mullins,jacqueline94@example.org
961,Peter,Gonzales,opalmer@example.net
962,Tina,Robinson,michaelfernandez@example.org
963,Tyler,Edwards,nfriedman@example.org
964,Alex,Riddle,amber08@example.com
965,Christine,Bullock,kristihuffman@example.org
966,Heidi,Roberts,thomas20@example.com
967,Nicole,Russell,aprilgibson@example.com
968,Derek,Nash,fturner@example.com
969,Clayton,Ortiz,michaelgalloway@example.net
970,Holly,Lopez,gary98@example.com
971,Jessica,Carey,longconnie@example.net
972,Miguel,Flynn,kristenarnold@example.com
973,Megan,Mcconnell,heather36@example.net
974,Elizabeth,Hoover,whitemichael@example.org
975,Scott,Miller,seanwest@example.com
976,Sylvia,Pugh,whitedonald@example.org
977,Savannah,Wise,fperez@example.org
978,Larry,Wagner,tdixon@example.org
979,Joseph,Hartman,ronnie71@example.org
980,Heidi,Gonzalez,donaldbailey@example.org
981,Angela,Goodman,johnsonchristine@example.org
982,Theresa,Torres,ronaldsanchez@example.org
983,Mariah,Allen,dnixon@example.org
984,Matthew,Quinn,dorothy32@example.org
985,Christopher,Jones,krodriguez@example.org
986,Julie,Mcdonald,droberson@example.net
987,George,Pennington,harrisonjennifer@example.com
988,Matthew,Wilson,fitzgeraldjessica@example.com
989,Anna,Weaver,cindy40@example.org
990,Terri,Brown,buckleyjamie@example.net
991,Eddie,Henderson,sgrant@example.org
992,Jason,Smith,burgessjessica@example.org
993,Todd,Evans,michaelstanley@example.net
994,Natasha,Klein,lambertsonya@example.com
995,Meagan,Shaffer,kimberlyjenkins@example.net
996,Christopher,Lewis,bradleylydia@example.net
997,Adam,Anderson,jenny87@example.net
998,Nicholas,Jackson,seanjohnson@example.net
999,Robin,Gibson,darlenepeterson@example.com
1000,Amanda,Medina,johngomez@example.com
